{"cameraMode":{"drawMode":0,"name":"Shaded","section":"Shading Mode"},"sceneLighting":false,"audioPlay":false,"sceneViewState":{"m_AlwaysRefresh":false,"showFog":true,"showSkybox":false,"showFlares":true,"showImageEffects":true,"showParticleSystems":true,"showVisualEffectGraphs":true,"m_FxEnabled":true},"in2DMode":false,"pivot":{"x":0.35180187225341799,"y":-0.08854478597640991,"z":0.0949258804321289},"rotation":{"x":0.06490352004766464,"y":0.8536145687103272,"z":-0.10970056802034378,"w":0.5050928592681885},"size":1.2999968528747559,"orthographic":false}