{"cameraMode":{"drawMode":0,"name":"Shaded","section":"Shading Mode"},"sceneLighting":false,"audioPlay":false,"sceneViewState":{"m_AlwaysRefresh":false,"showFog":true,"showSkybox":false,"showFlares":true,"showImageEffects":true,"showParticleSystems":true,"showVisualEffectGraphs":true,"m_FxEnabled":true},"in2DMode":false,"pivot":{"x":0.06491933017969132,"y":-0.45998260378837588,"z":0.8084020614624023},"rotation":{"x":-0.09777594357728958,"y":0.4489164650440216,"z":-0.049494437873363498,"w":-0.8868310451507568},"size":2.7013795375823976,"orthographic":false}