{"cameraMode":{"drawMode":0,"name":"Shaded","section":"Shading Mode"},"sceneLighting":false,"audioPlay":false,"sceneViewState":{"m_AlwaysRefresh":false,"showFog":true,"showSkybox":false,"showFlares":true,"showImageEffects":true,"showParticleSystems":true,"showVisualEffectGraphs":true,"m_FxEnabled":true},"in2DMode":false,"pivot":{"x":0.0667828917503357,"y":-0.0025606676936149599,"z":0.029201865196228029},"rotation":{"x":-0.10512188822031021,"y":0.16537326574325562,"z":-0.017730826511979104,"w":-0.9804531931877136},"size":2.0182015895843508,"orthographic":false}