{"cameraMode":{"drawMode":0,"name":"Shaded","section":"Shading Mode"},"sceneLighting":false,"audioPlay":false,"sceneViewState":{"m_AlwaysRefresh":false,"showFog":true,"showSkybox":false,"showFlares":true,"showImageEffects":true,"showParticleSystems":true,"showVisualEffectGraphs":true,"m_FxEnabled":true},"in2DMode":false,"pivot":{"x":-17.437156677246095,"y":0.17616641521453858,"z":27.450637817382814},"rotation":{"x":-0.2547120451927185,"y":0.21450984477996827,"z":-0.058053527027368548,"w":-0.9411416053771973},"size":1.766028881072998,"orthographic":false}