{"cameraMode":{"drawMode":0,"name":"Shaded","section":"Shading Mode"},"sceneLighting":false,"audioPlay":false,"sceneViewState":{"m_AlwaysRefresh":false,"showFog":true,"showSkybox":false,"showFlares":true,"showImageEffects":true,"showParticleSystems":true,"showVisualEffectGraphs":true,"m_FxEnabled":true},"in2DMode":false,"pivot":{"x":-0.30565956234931948,"y":1.1389062404632569,"z":1.5408886671066285},"rotation":{"x":-0.11393321305513382,"y":0.04708772525191307,"z":-0.005384426098316908,"w":-0.9923446774482727},"size":2.4073948860168459,"orthographic":false}