{"cameraMode":{"drawMode":0,"name":"Shaded","section":"Shading Mode"},"sceneLighting":false,"audioPlay":false,"sceneViewState":{"m_AlwaysRefresh":false,"showFog":true,"showSkybox":false,"showFlares":true,"showImageEffects":true,"showParticleSystems":true,"showVisualEffectGraphs":true,"m_FxEnabled":true},"in2DMode":false,"pivot":{"x":1.7475024461746216,"y":1.4213910102844239,"z":1.6749292612075806},"rotation":{"x":-0.041048385202884677,"y":0.3482864499092102,"z":-0.015267941169440747,"w":-0.9363681077957153},"size":0.6009436845779419,"orthographic":false}