{"cameraMode":{"drawMode":0,"name":"Shaded","section":"Shading Mode"},"sceneLighting":false,"audioPlay":false,"sceneViewState":{"m_AlwaysRefresh":false,"showFog":true,"showSkybox":false,"showFlares":true,"showImageEffects":true,"showParticleSystems":true,"showVisualEffectGraphs":true,"m_FxEnabled":true},"in2DMode":false,"pivot":{"x":11.065637588500977,"y":0.11102080345153809,"z":64.48690795898438},"rotation":{"x":0.07711348682641983,"y":0.9137911200523377,"z":-0.20655888319015504,"w":0.3411388397216797},"size":3.3073947429656984,"orthographic":false}