{"cameraMode":{"drawMode":0,"name":"Shaded","section":"Shading Mode"},"sceneLighting":false,"audioPlay":false,"sceneViewState":{"m_AlwaysRefresh":false,"showFog":true,"showSkybox":false,"showFlares":true,"showImageEffects":true,"showParticleSystems":true,"showVisualEffectGraphs":true,"m_FxEnabled":true},"in2DMode":false,"pivot":{"x":12.924676895141602,"y":0.09928172826766968,"z":11.820507049560547},"rotation":{"x":0.035911209881305698,"y":0.790277898311615,"z":-0.04652944207191467,"w":0.6099282503128052},"size":1.7660236358642579,"orthographic":false}